vessel_id,block,length,width,weight,height,location
SN2603,D710S,15.0,11.0,7.0,5.9,OFD
SN2454,H210S,19.0,15.0,44.0,7.5,신한내
SN2615,S160S,15.0,13.0,24.0,3.1,성동
SN2614,E540S,15.0,14.0,33.0,3.4,OFD
SN2612,D341S,20.0,14.0,49.0,4.1,덕곡2
SN2456,B180P,19.0,18.0,53.0,2.3,사내
SN2456,B180S,19.0,18.0,53.0,2.3,성동
SN2598,D400P,22.0,13.0,35.0,4.2,한내
SN2455,W820S,19.0,11.0,18.0,2.3,한내
SN2455,W820P,19.0,11.0,18.0,2.3,봉암9
SN2607,D311S,20.0,14.0,47.0,4.9,신한내
SN2601,D370S,21.0,14.0,35.0,4.4,성동
SN2601,D370P,21.0,14.0,36.0,4.4,사내
SN2611,F540C,17.0,15.0,61.0,3.2,성동
SN2612,D341P,20.0,14.0,48.0,4.1,사내
SN2608,T341S,18.0,17.0,72.0,2.8,사내
SN2457,S121S,22.0,20.0,83.0,2.5,오비1
SN2454,S400P,20.0,18.0,76.0,5.2,성동
SN2598,T350S,18.0,17.0,42.0,4.5,성동
SN2627,B110S,18.0,14.0,33.0,2.5,봉암9
SN2612,K190C,16.0,12.0,39.0,3.2,봉암9
SN2612,S120S,22.0,19.0,64.0,5.4,성동
SN2612,S110S,22.0,21.0,62.0,8.3,사내
SN2607,S110S,22.0,21.0,60.0,8.1,사내
SN2463,S101S,20.0,12.0,45.0,2.5,한내
SN2612,T320P,18.0,17.0,48.0,2.9,신한내
SN2612,D311P,20.0,14.0,46.0,4.8,성동
SN2607,D341P,21.0,14.0,49.0,4.1,사내
SN2611,F110P,15.0,13.0,21.0,3.5,성동
SN2611,D740S,19.0,11.0,49.0,4.2,사내
SN2598,D400S,22.0,13.0,35.0,4.2,사내
SN2611,D540S,11.0,5.0,2.0,2.2,사내
SN2612,H130S,21.0,12.0,33.0,6.5,사내
SN2463,S192S,20.0,11.0,30.0,2.6,사내
SN2607,F522S,12.0,11.0,15.0,3.6,사내
SN2607,D341S,21.0,14.0,50.0,4.1,사내
SN2607,D510S,24.0,11.0,35.0,6.7,사내
SN2591,E130C,16.0,12.0,3.0,4.7,사내
SN2463,S191S,20.0,13.0,74.0,2.5,사내
SN2612,K180C,15.0,12.0,31.0,3.2,사내
SN2611,D200C,20.0,18.0,43.0,1.9,사내
SN2601,D500S,11.0,8.0,5.0,2.4,사내
SN2601,E150C,15.0,12.0,50.0,5.0,사내
SN2463,S094S,11.0,10.0,9.0,2.6,사내
SN2601,D500P,11.0,8.0,5.0,2.4,사내
SN2601,D120C,20.0,16.0,48.0,1.9,사내
SN2608,B171S,21.0,13.0,84.0,3.2,사내
SN2615,S150S,15.0,13.0,25.0,3.1,사내
SN2608,K191C,16.0,12.0,51.0,3.2,사내
SN2608,B201P,15.0,11.0,50.0,3.2,사내
SN2464,D29BS,13.0,11.0,8.0,2.0,사내
SN2464,D29BP,13.0,11.0,7.0,2.0,사내
SN2612,S120P,22.0,19.0,63.0,5.4,사내
SN2463,S091S,20.0,11.0,35.0,2.5,사내
SN2601,D401S,18.0,14.0,37.0,4.1,사내
SN2612,E430C,21.0,15.0,81.0,5.7,사내
SN2627,D380S,19.0,13.0,57.0,5.3,사내
SN2598,D171S,22.0,11.0,64.0,1.9,사내
SN2612,B120S,22.0,16.0,66.0,3.2,사내
SN2607,D311P,20.0,14.0,46.0,4.9,사내
SN2601,E520P,22.0,14.0,73.0,5.6,사내
SN2634,B111S,21.0,13.0,97.0,3.2,사내
SN2591,S082S,11.0,11.0,9.0,2.6,사내
SN2615,E662S,11.0,11.0,11.0,1.2,사내
SN2615,E662P,11.0,11.0,11.0,1.2,사내
SN2612,D131P,16.0,11.0,36.0,1.9,사내
SN2616,K170C,14.0,11.0,24.0,2.0,사내
SN2634,E311P,15.0,11.0,20.0,3.0,사내
SN2634,E312P,15.0,11.0,13.0,3.7,사내
SN2591,E552C,13.0,11.0,19.0,2.0,사내
SN2607,F311P,16.0,11.0,23.0,3.6,사내
SN2637,E33AS,11.0,7.0,5.0,4.1,사내
SN2463,F642P,11.0,8.0,8.0,2.6,사내
SN2591,E551C,11.0,9.0,7.0,5.2,사내
SN2463,F321P,11.0,9.0,14.0,3.7,사내
SN2607,F311S,16.0,11.0,23.0,3.6,사내
SN2615,S420S,15.0,11.0,17.0,2.7,사내
SN2615,F731S,13.0,11.0,21.0,3.3,사내
SN2612,D121P,16.0,11.0,32.0,1.9,사내
SN2616,D361S,15.0,11.0,16.0,2.0,사내
SN2616,D154P,12.0,11.0,12.0,2.0,사내
SN2634,E312S,15.0,11.0,13.0,3.7,사내
SN2598,D320P,16.0,13.0,24.0,4.2,사내
SN2590,D370C,12.0,11.0,20.0,2.4,사내
SN2634,M310P,22.0,18.0,63.0,3.4,사내
SN2607,M510S,23.0,18.0,77.0,4.4,사내
SN2607,M900S,11.0,6.0,2.0,3.3,사내
SN2607,M610C,21.0,16.0,56.0,3.4,사내
SN2607,M410P,22.0,18.0,65.0,3.6,사내
SN2616,B160S,14.0,13.0,26.0,2.5,사내
SN2615,F112C,18.0,12.0,36.0,2.6,사내
SN2615,F111C,18.0,11.0,17.0,2.1,사내
SN2457,E410P,17.0,15.0,39.0,5.2,사내
SN2616,E140C,12.0,11.0,4.0,4.7,사내
SN2463,E733S,16.0,11.0,8.0,2.4,사내
SN2615,S101S,14.0,11.0,22.0,2.3,사내
SN2603,D140C,20.0,20.0,57.0,1.9,사내
SN2456,W821S,19.0,11.0,10.0,3.0,사내
SN2607,E150C,15.0,12.0,39.0,5.0,사내
SN2608,B192S,16.0,14.0,13.0,7.7,사내
SN2608,B192P,16.0,14.0,13.0,7.7,사내
SN2457,A210C,16.0,16.0,42.0,9.3,사내
SN2634,E532P,11.0,4.0,2.0,1.7,사내
SN2612,T720S,20.0,11.0,15.0,2.9,사내
SN2607,F521S,15.0,11.0,14.0,3.0,사내
SN2463,E752S,11.0,11.0,7.0,4.8,사내
SN2463,F731S,17.0,11.0,36.0,4.8,사내
SN2608,M120P,19.0,13.0,66.0,6.2,사내
SN2591,E443P,11.0,8.0,10.0,3.9,사내
SN2615,M830P,17.0,11.0,38.0,3.5,사내
SN2608,F111S,15.0,13.0,28.0,3.5,사내
SN2616,D180C,15.0,12.0,19.0,5.8,사내
SN2615,S160P,15.0,13.0,24.0,3.1,사내
SN2615,S150P,15.0,13.0,25.0,3.1,사내
SN2615,S091S,15.0,12.0,26.0,2.3,사내
SN2615,M810S,13.0,11.0,24.0,3.2,사내
SN2457,A121P,15.0,11.0,23.0,4.6,사내
SN2607,F131P,11.0,11.0,13.0,3.1,사내
SN2654,E11AP,11.0,11.0,17.0,3.0,사내
SN2615,F631S,12.0,12.0,24.0,4.0,사내
SN2612,F131S,11.0,11.0,13.0,3.1,사내
SN2591,E611P,11.0,11.0,7.0,2.0,사내
SN2616,S151S,15.0,13.0,38.0,2.3,사내
SN2616,A221P,17.0,17.0,46.0,4.6,사내
SN2591,F11CS,13.0,11.0,10.0,3.4,사내
SN2591,F11CP,13.0,11.0,10.0,3.4,사내
SN2455,H200P,19.0,14.0,66.0,5.6,사내
SN2598,D330P,16.0,13.0,24.0,4.2,사내
SN2611,D750S,18.0,11.0,21.0,5.9,사내
SN2637,E423S,17.0,11.0,13.0,1.1,사내
SN2608,S13AS,21.0,11.0,24.0,2.7,사내
SN2608,S162S,20.0,11.0,19.0,3.9,사내
SN2608,H172S,21.0,11.0,48.0,5.4,사내
SN2608,H171S,21.0,11.0,47.0,4.9,사내
SN2612,H120P,22.0,12.0,35.0,6.4,사내
SN2612,T740P,21.0,11.0,7.0,2.8,사내
SN2634,E220S,13.0,11.0,17.0,4.9,사내
SN2599,E513S,11.0,10.0,16.0,3.4,사내
SN2599,E512S,11.0,10.0,15.0,3.4,사내
SN2599,E512P,12.0,11.0,15.0,3.4,사내
SN2634,E220P,13.0,11.0,16.0,4.9,사내
SN2634,E210S,18.0,15.0,25.0,3.3,사내
SN2455,S830S,17.0,11.0,23.0,5.8,사내
SN2608,E240C,21.0,15.0,73.0,4.0,사내
SN2607,E380C,19.0,11.0,14.0,3.5,사내
SN2607,E370C,19.0,11.0,17.0,2.9,사내
SN2607,E360C,11.0,10.0,9.0,1.9,사내
SN2599,E511P,17.0,17.0,45.0,1.9,사내
SN2611,D390P,15.0,13.0,24.0,4.2,사내
SN2614,E570P,13.0,12.0,29.0,4.4,사내
SN2615,C730S,12.0,11.0,6.0,1.8,사내
SN2612,D351S,16.0,15.0,36.0,4.7,사내
SN2608,T141P,15.0,14.0,59.0,2.8,사내
SN2616,A221S,17.0,17.0,46.0,4.6,사내
SN2607,M110P,22.0,11.0,83.0,6.2,사내
SN2612,F531S,11.0,11.0,11.0,2.8,사내
SN2612,F531P,11.0,11.0,11.0,2.8,사내
SN2634,M220P,18.0,12.0,34.0,3.5,사내
SN2454,S210S,19.0,15.0,32.0,8.4,사내
SN2456,E350C,20.0,14.0,53.0,2.9,사내
SN2612,S110P,22.0,21.0,62.0,8.3,사내
SN2598,D160C,21.0,16.0,56.0,1.9,사내
SN2612,F110S,15.0,13.0,21.0,3.5,사내
SN2634,A212P,20.0,11.0,50.0,7.0,사내
SN2637,E431C,15.0,11.0,11.0,3.3,사내
SN2457,B110C,22.0,19.0,48.0,2.2,사내
SN2607,D620S,15.0,12.0,23.0,2.2,사내
SN2603,F110P,15.0,13.0,21.0,3.5,사내
SN2598,F520P,19.0,19.0,77.0,6.4,사내
SN2612,F522S,12.0,11.0,15.0,3.6,사내
SN2612,D40AS,18.0,11.0,15.0,2.2,사내
SN2607,F423P,11.0,10.0,10.0,7.3,사내
SN2599,E411S,11.0,9.0,8.0,1.2,사내
SN2464,E41BS,11.0,6.0,6.0,3.2,사내
SN2599,E413P,11.0,10.0,16.0,3.5,사내
SN2463,E731P,17.0,11.0,28.0,3.9,사내
SN2638,E11DS,11.0,11.0,30.0,1.4,사내
SN2638,E11AS,11.0,11.0,24.0,1.4,사내
SN2612,F521S,13.0,11.0,11.0,2.8,사내
SN2464,E62DS,11.0,7.0,6.0,2.6,사내
SN2464,E424S,11.0,4.0,3.0,2.6,사내
SN2607,F423S,11.0,10.0,10.0,7.3,사내
SN2607,F422S,15.0,12.0,14.0,3.8,사내
SN2607,F421S,15.0,12.0,25.0,3.8,사내
SN2601,F440C,17.0,17.0,35.0,8.1,사내
SN2599,E412S,11.0,10.0,16.0,3.3,사내
SN2463,E310P,15.0,14.0,40.0,5.6,사내
SN2457,E350C,20.0,14.0,53.0,2.9,사내
SN2456,E610P,16.0,13.0,38.0,6.0,사내
SN2591,E410P,18.0,15.0,40.0,5.4,사내
SN2615,S622P,15.0,15.0,34.0,2.7,사내
SN2607,B140S,21.0,13.0,57.0,3.2,사내
SN2456,B190P,20.0,16.0,3.0,2.4,사내
SN2457,S191S,20.0,13.0,74.0,2.5,사내
SN2457,S192S,20.0,11.0,30.0,2.6,사내
SN2608,S161P,20.0,16.0,81.0,2.6,사내
SN2608,S161S,20.0,16.0,81.0,2.6,사내
SN2598,D340P,22.0,13.0,34.0,4.2,사내
SN2608,S171S,21.0,16.0,88.0,2.6,사내
SN2607,B140P,21.0,19.0,81.0,3.2,사내
SN2607,B110P,22.0,20.0,78.0,3.8,사내
SN2598,D110C,22.0,21.0,65.0,1.9,사내
SN2612,S130P,21.0,19.0,60.0,5.4,사내
SN2601,D340P,21.0,14.0,33.0,4.4,사내
SN2457,B120S,20.0,16.0,50.0,2.2,사내
SN2627,D380P,20.0,13.0,59.0,5.3,사내
SN2608,S14AS,21.0,11.0,22.0,2.7,사내
SN2608,S14AP,21.0,11.0,22.0,2.7,사내
SN2612,B180S,18.0,15.0,23.0,8.7,사내
SN2612,B180P,18.0,15.0,23.0,8.7,사내
SN2612,S180S,20.0,16.0,51.0,11.8,사내
SN2612,S160S,20.0,19.0,57.0,5.4,사내
SN2608,B111S,22.0,20.0,89.0,3.2,사내
SN2608,S11AS,22.0,11.0,25.0,2.7,사내
SN2608,S11AP,22.0,11.0,25.0,2.7,사내
SN2463,S093S,11.0,11.0,11.0,2.6,사내
SN2612,T510S,11.0,6.0,7.0,2.7,사내
SN2612,T510P,11.0,6.0,7.0,2.7,사내
SN2612,E340C,20.0,16.0,55.0,5.1,사내
SN2612,H140P,21.0,12.0,33.0,6.4,사내
SN2457,E510P,24.0,14.0,54.0,5.2,사내
SN2457,S194S,16.0,11.0,10.0,3.5,사내
SN2457,S193S,17.0,11.0,11.0,2.1,사내
SN2607,B202P,15.0,11.0,8.0,7.6,사내
SN2612,A110P,11.0,7.0,19.0,11.5,사내
SN2615,A320P,17.0,16.0,53.0,5.8,사내
SN2456,E540S,19.0,17.0,56.0,5.1,사내
SN2456,E540P,19.0,17.0,56.0,5.1,사내
SN2608,T741S,21.0,11.0,42.0,2.8,사내
SN2607,B120S,22.0,13.0,57.0,3.2,사내
SN2616,E54XP,15.0,11.0,16.0,1.8,사내
SN2627,C390S,20.0,11.0,10.0,0.8,사내
SN2612,S20AS,12.0,11.0,10.0,4.4,사내
SN2612,D611S,11.0,6.0,4.0,1.4,사내
SN2608,B191S,16.0,11.0,17.0,3.2,사내
SN2599,E115P,11.0,6.0,15.0,4.4,사내
SN2591,S10XP,11.0,11.0,8.0,1.7,사내
SN2457,S195S,13.0,11.0,10.0,3.5,사내
SN2463,E732S,16.0,11.0,7.0,2.7,사내
SN2463,S113S,11.0,11.0,10.0,2.6,사내
SN2590,E660C,18.0,11.0,35.0,5.5,사내
SN2463,S195S,13.0,11.0,10.0,3.5,사내
SN2463,S194S,16.0,11.0,10.0,3.5,사내
SN2463,E130C,16.0,16.0,9.0,5.8,사내
SN2607,T110P,16.0,15.0,70.0,2.7,사내
SN2607,D371P,21.0,14.0,51.0,4.1,사내
SN2612,T340P,18.0,17.0,47.0,2.9,사내
SN2457,B190S,20.0,16.0,1.0,2.4,사내
SN2457,B190P,20.0,16.0,3.0,2.4,사내
SN2603,D210C,20.0,20.0,52.0,2.7,사내
SN2598,S150S,19.0,15.0,47.0,5.5,사내
SN2607,T351S,16.0,16.0,50.0,2.7,사내
SN2607,T351P,17.0,16.0,65.0,2.7,사내
SN2601,D530S,22.0,11.0,36.0,7.6,사내
SN2463,S111S,22.0,19.0,97.0,2.5,사내
SN2603,F530C,21.0,11.0,25.0,3.3,사내
SN2463,S111P,22.0,19.0,97.0,2.5,사내
SN2608,T351P,17.0,16.0,65.0,2.7,사내
SN2607,S130P,21.0,19.0,58.0,5.4,사내
SN2455,S400S,20.0,18.0,76.0,5.2,사내
SN2611,D370P,20.0,13.0,32.0,4.2,사내
SN2607,S110P,22.0,21.0,60.0,8.1,사내
SN2603,F220C,18.0,15.0,29.0,5.2,사내
SN2454,S400S,20.0,18.0,76.0,5.2,사내
SN2463,S391P,20.0,11.0,55.0,2.6,사내
SN2603,D750S,18.0,11.0,22.0,5.9,사내
SN2598,S150P,19.0,15.0,47.0,5.5,사내
SN2454,S410P,19.0,17.0,58.0,5.2,사내
SN2598,D500P,11.0,8.0,4.0,2.4,사내
SN2603,D740S,19.0,11.0,49.0,4.2,사내
SN2607,T120S,16.0,14.0,40.0,2.9,사내
SN2597,D730S,14.0,14.0,24.0,6.7,사내
SN2603,D190C,20.0,15.0,44.0,1.9,사내
SN2603,G130S,16.0,11.0,18.0,4.3,사내
SN2611,D390S,15.0,13.0,23.0,4.2,사내
SN2598,F220C,20.0,14.0,32.0,4.2,사내
SN2611,D840S,11.0,8.0,7.0,2.7,사내
SN2463,S192P,20.0,11.0,30.0,2.6,사내
SN2611,D730S,19.0,11.0,19.0,6.2,사내
SN2607,D718S,11.0,7.0,6.0,1.0,사내
SN2611,D710S,15.0,11.0,7.0,5.9,사내
SN2614,S710S,11.0,11.0,10.0,2.7,사내
SN2454,W830C,15.0,11.0,12.0,2.8,사내
SN2615,A420P,15.0,11.0,18.0,5.1,사내
SN2607,D716S,13.0,11.0,8.0,1.0,봉암9
SN2634,A212S,20.0,11.0,50.0,7.0,한내
SN2609,E11EP,13.0,11.0,13.0,3.0,봉암8
SN2599,E511S,17.0,17.0,49.0,1.9,사내
SN2601,D320P,16.0,14.0,25.0,4.4,봉암8
SN2609,E11ES,13.0,11.0,13.0,3.0,한내
SN2615,F332P,11.0,8.0,11.0,2.5,한내
SN2611,D770S,11.0,8.0,7.0,3.7,한내
SN2455,H200S,19.0,14.0,66.0,5.6,오비3
SN2464,E62AP,16.0,11.0,18.0,2.6,봉암9
SN2456,B190S,20.0,16.0,1.0,2.4,덕곡1
SN2591,E620P,15.0,12.0,47.0,5.3,봉암8
SN2612,S140S,21.0,19.0,61.0,5.4,사내
SN2456,H120S,21.0,15.0,48.0,4.7,덕곡1
SN2608,D32AP,16.0,11.0,14.0,2.2,성동
SN2615,F72BS,11.0,10.0,17.0,3.5,봉암9
SN2627,C390P,21.0,11.0,10.0,0.8,덕곡1
SN2627,D280S,19.0,12.0,34.0,1.6,봉암8
SN2457,S18BS,18.0,11.0,42.0,3.7,OFD
SN2616,E54XS,15.0,11.0,16.0,1.8,신한내
SN2598,D370S,22.0,13.0,35.0,4.2,성동
SN2627,E561S,11.0,10.0,13.0,1.0,봉암8
SN2611,F130C,11.0,10.0,4.0,4.7,덕곡2
SN2591,E420P,18.0,15.0,49.0,5.5,성동
SN2603,F110S,15.0,13.0,21.0,3.5,덕곡2
SN2591,S082P,11.0,11.0,9.0,2.6,오비3
SN2609,E11FS,11.0,7.0,16.0,3.2,덕곡2
SN2603,Y710C,12.0,12.0,6.0,12.0,OFD
SN2454,S620P,18.0,14.0,30.0,5.4,봉암8
SN2627,Y900C,11.0,10.0,52.0,2.3,성동
SN2607,F422P,15.0,12.0,13.0,3.8,덕곡2
SN2591,E470C,18.0,11.0,52.0,4.3,봉암9
SN2456,A310P,27.0,17.0,92.0,6.8,사내
SN2608,T141S,14.0,14.0,52.0,2.8,신한내
SN2591,S081S,15.0,12.0,22.0,2.3,오비3
SN2601,F331P,11.0,10.0,13.0,3.5,한내
SN2608,B131P,21.0,19.0,135.0,3.2,오비1
SN2456,H120P,21.0,15.0,48.0,4.7,성동
SN2463,A121P,15.0,11.0,23.0,4.6,봉암8
SN2464,E412S,11.0,11.0,8.0,2.0,성동
SN2616,L152P,18.0,11.0,46.0,5.8,한내
SN2611,F120C,15.0,15.0,20.0,4.3,성동
SN2598,D350S,16.0,14.0,25.0,4.9,성동
SN2607,B120P,22.0,19.0,83.0,3.2,신한내
SN2463,S393S,11.0,5.0,5.0,2.0,덕곡2
SN2615,F732S,11.0,6.0,5.0,2.1,봉암9
SN2607,T320P,18.0,17.0,46.0,2.9,신한내
SN2603,F420S,18.0,16.0,45.0,8.2,신한내
SN2601,F331S,11.0,11.0,15.0,3.7,성동
SN2601,D401P,18.0,14.0,37.0,4.1,OFD
SN2638,E11YS,11.0,6.0,9.0,4.5,봉암9
SN2598,D390P,16.0,13.0,24.0,4.2,봉암9
SN2463,F731P,17.0,11.0,36.0,4.8,덕곡2
SN2591,E611S,11.0,11.0,7.0,2.0,덕곡2
SN2454,S630S,18.0,11.0,19.0,7.9,한내
SN2612,S170P,21.0,19.0,60.0,5.4,오비1
SN2457,E510S,23.0,13.0,46.0,5.2,성동
SN2455,B200C,18.0,17.0,62.0,2.3,성동
SN2616,S350P,14.0,11.0,19.0,7.0,한내
SN2464,E422S,11.0,7.0,11.0,1.3,사내
SN2464,B11AP,19.0,11.0,33.0,2.2,한내
SN2616,H170S,11.0,10.0,10.0,4.5,덕곡2
SN2634,M120S,20.0,13.0,60.0,6.0,성동
SN2609,E11FP,11.0,7.0,16.0,3.2,한내
SN2601,D380S,16.0,14.0,26.0,4.4,성동
SN2607,D712S,14.0,11.0,14.0,4.6,덕곡2
SN2591,E620S,15.0,12.0,45.0,5.3,OFD
SN2616,E51AP,12.0,11.0,19.0,5.2,오비3
SN2607,T151C,20.0,15.0,94.0,2.7,성동
SN2608,M220P,18.0,12.0,34.0,3.6,덕곡2
SN2463,S093P,11.0,11.0,11.0,2.6,봉암8
SN2601,D310S,20.0,14.0,34.0,5.3,봉암9
SN2598,Y900S,11.0,9.0,23.0,2.4,덕곡2
SN2463,F732S,11.0,9.0,15.0,3.4,봉암9
SN2598,T350P,18.0,17.0,46.0,4.5,성동
SN2608,T121S,16.0,14.0,71.0,2.9,봉암9
SN2616,L152S,18.0,11.0,46.0,5.8,오비3
SN2455,W830C,15.0,11.0,12.0,2.8,봉암9
SN2590,E560C,18.0,11.0,26.0,7.2,성동
SN2456,B120S,20.0,16.0,50.0,2.2,신한내
SN2607,M510P,22.0,18.0,79.0,4.4,성동
SN2608,H131P,21.0,11.0,44.0,4.9,성동
SN2612,D40AP,18.0,11.0,15.0,2.2,봉암9
SN2603,F520S,19.0,18.0,68.0,6.3,사내
SN2598,F110P,15.0,14.0,21.0,5.0,OFD
SN2599,E413S,11.0,10.0,16.0,3.5,오비3
SN2463,E733P,16.0,11.0,8.0,2.4,봉암8
SN2612,T540S,11.0,11.0,18.0,2.7,성동
SN2611,D170C,20.0,20.0,57.0,1.9,사내
SN2608,T151C,20.0,15.0,94.0,2.7,봉암9
SN2457,S121P,22.0,20.0,83.0,2.5,오비1
SN2612,H120S,22.0,12.0,35.0,5.6,한내
SN2464,B19AS,20.0,11.0,35.0,2.3,봉암9
SN2612,D321P,16.0,14.0,39.0,4.1,성동
SN2607,D361S,15.0,14.0,38.0,4.1,성동
SN2463,E752P,11.0,11.0,7.0,4.8,봉암9
SN2612,S150S,21.0,19.0,60.0,5.4,오비1
SN2463,S40AP,18.0,11.0,28.0,2.0,봉암9
SN2611,F110S,15.0,13.0,21.0,3.5,덕곡2
SN2405,D640S,13.0,11.0,18.0,2.1,한내
SN2634,M110P,22.0,11.0,83.0,6.0,성동
SN2627,H210P,19.0,11.0,21.0,4.8,덕곡2
SN2454,S420P,19.0,14.0,30.0,8.2,성동
SN2607,D331P,16.0,14.0,39.0,4.1,성동
SN2598,D500S,11.0,8.0,4.0,2.4,신한내
SN2603,D840S,11.0,8.0,7.0,2.7,신한내
SN2464,E322P,18.0,11.0,40.0,3.2,한내
SN2634,T521P,11.0,6.0,6.0,2.9,덕곡1
SN2608,F52BS,11.0,8.0,6.0,3.3,신한내
SN2463,S094P,11.0,10.0,9.0,2.6,성동
SN2599,E515S,11.0,4.0,2.0,1.7,오비1
SN2634,E532S,11.0,4.0,2.0,1.7,봉암8
SN2598,D310P,22.0,13.0,37.0,4.2,성동
SN2603,D610S,11.0,10.0,10.0,12.0,성동
SN2608,M220S,18.0,12.0,33.0,3.6,성동
SN2611,D630S,13.0,11.0,12.0,3.4,봉암8
SN2463,S091P,20.0,11.0,35.0,2.5,봉암9
SN2591,E140C,12.0,11.0,4.0,4.7,한내
SN2463,B190P,20.0,16.0,3.0,2.4,성동
SN2598,D191P,16.0,11.0,41.0,1.9,성동
SN2612,D211P,20.0,11.0,44.0,1.9,사내
SN2607,D371S,21.0,14.0,51.0,4.1,사내
SN2615,M710S,18.0,11.0,24.0,3.1,봉암9
SN2612,T320S,18.0,16.0,46.0,2.9,사내
SN2607,D361P,15.0,15.0,39.0,4.5,성동
SN2615,E620S,15.0,12.0,45.0,5.3,봉암8
SN2607,T310S,16.0,15.0,73.0,2.7,봉암9
SN2615,E470C,18.0,11.0,52.0,4.3,한내
SN2457,S124S,20.0,11.0,36.0,0.4,신한내
SN2598,D340S,22.0,13.0,33.0,4.2,성동
SN2612,D321S,16.0,14.0,38.0,4.1,봉암8
SN2607,F421P,15.0,12.0,25.0,3.8,성동
SN2634,M120P,19.0,13.0,68.0,6.0,성동
SN2607,D717S,11.0,11.0,7.0,1.0,덕곡2
SN2616,L151S,18.0,11.0,34.0,2.5,오비1
SN2614,E660C,18.0,11.0,35.0,5.5,오비3
SN2608,F52BP,11.0,8.0,6.0,3.3,OFD
SN2612,D351P,16.0,14.0,36.0,4.1,덕곡2
SN2463,F732P,11.0,9.0,18.0,3.4,한내
SN2608,S13AP,21.0,11.0,24.0,2.7,OFD
SN2457,E450C,20.0,14.0,44.0,5.2,신한내
SN2616,S341P,11.0,10.0,12.0,2.3,성동
SN2608,B201S,15.0,11.0,43.0,3.2,봉암8
SN2627,H310S,18.0,11.0,36.0,2.6,봉암9
SN2615,M710P,18.0,11.0,34.0,3.1,OFD
SN2598,D130C,21.0,16.0,50.0,1.9,성동
SN2456,B120P,20.0,16.0,50.0,2.2,덕곡1
SN2616,A411P,11.0,7.0,3.0,4.3,봉암9
SN2611,D210C,20.0,20.0,52.0,2.7,오비1
SN2601,D110C,20.0,20.0,52.0,3.5,성동
SN2634,M210S,20.0,11.0,55.0,3.5,한내
SN2464,E321P,11.0,11.0,9.0,1.2,덕곡1
SN2599,E411P,11.0,11.0,7.0,1.2,덕곡1
SN2598,D211P,16.0,11.0,38.0,1.9,성동
SN2598,F110S,15.0,14.0,21.0,3.0,신한내
SN2611,F440C,17.0,17.0,35.0,8.1,덕곡1
SN2608,F111P,15.0,13.0,36.0,3.5,오비1
SN2457,H150P,20.0,11.0,26.0,3.4,한내
SN2616,S341S,11.0,10.0,12.0,2.3,봉암8
SN2455,S420P,19.0,14.0,30.0,8.2,OFD
SN2607,M110S,22.0,11.0,80.0,6.2,성동
SN2607,E350C,16.0,13.0,36.0,4.9,한내
SN2454,S210P,19.0,15.0,32.0,8.4,OFD
SN2615,C710S,11.0,10.0,5.0,0.7,덕곡2
SN2607,M410S,22.0,18.0,64.0,3.6,성동
SN2612,D371S,20.0,14.0,48.0,4.1,신한내
SN2607,D714S,23.0,11.0,19.0,3.1,성동
SN2608,M210S,20.0,11.0,54.0,3.6,OFD
SN2463,S191P,20.0,13.0,76.0,2.5,성동
SN2456,E570C,13.0,11.0,29.0,5.2,오비1
SN2616,H170P,11.0,10.0,10.0,4.5,한내
SN2463,A121S,15.0,11.0,23.0,4.6,봉암8
SN2608,B171P,21.0,19.0,116.0,3.2,신한내
SN2464,D29CS,16.0,11.0,10.0,2.0,신한내
SN2603,S200P,22.0,17.0,51.0,9.5,성동
SN2616,D360P,16.0,11.0,37.0,5.5,오비1
SN2457,H330P,21.0,11.0,29.0,2.7,한내
SN2607,D331S,16.0,14.0,40.0,4.1,덕곡2
SN2457,H330S,21.0,11.0,29.0,2.7,한내
SN2464,E423S,11.0,11.0,10.0,2.6,덕곡2
SN2598,T550P,18.0,11.0,14.0,5.3,봉암8
SN2612,T340S,18.0,17.0,45.0,2.9,신한내
SN2603,D730S,19.0,11.0,19.0,6.2,한내
SN2463,E210S,15.0,13.0,32.0,6.0,한내
SN2603,F520P,19.0,18.0,76.0,6.3,신한내
SN2616,B160P,14.0,13.0,26.0,2.5,한내
SN2615,S420P,15.0,11.0,17.0,2.7,오비1
SN2456,E450C,20.0,14.0,44.0,5.2,봉암8
SN2598,D530S,20.0,11.0,23.0,6.7,사내
SN2601,D340S,21.0,14.0,34.0,4.4,신한내
SN2454,Y900C,13.0,11.0,64.0,2.8,신한내
SN2463,S40AS,18.0,11.0,28.0,2.0,한내
SN2598,F510S,15.0,15.0,45.0,3.0,봉암9
SN2457,E370S,16.0,11.0,15.0,5.2,성동
SN2627,E561P,11.0,10.0,13.0,1.0,봉암9
SN2598,Y900P,11.0,9.0,23.0,2.4,봉암9
SN2457,S40AS,18.0,11.0,28.0,2.0,한내
SN2608,T351S,16.0,16.0,50.0,2.7,덕곡1
SN2591,S421S,11.0,9.0,7.0,4.2,봉암9
SN2457,S40AP,18.0,11.0,28.0,2.0,성동
SN2627,H210S,19.0,11.0,21.0,4.8,성동
SN2615,E541S,15.0,14.0,44.0,3.0,봉암9
SN2598,D410S,15.0,13.0,28.0,4.2,덕곡1
SN2598,F420P,19.0,17.0,47.0,8.2,성동
SN2607,B202S,15.0,11.0,8.0,7.6,신한내
SN2457,S124P,20.0,11.0,36.0,0.4,봉암8
SN2608,M110S,22.0,11.0,80.0,6.2,성동
SN2608,M120S,20.0,13.0,58.0,6.2,성동
SN2598,F420S,19.0,17.0,51.0,8.2,성동
SN2612,S160P,20.0,19.0,57.0,5.4,신한내
SN2615,F332S,11.0,8.0,13.0,2.5,오비3
SN2464,D392S,20.0,11.0,11.0,2.0,봉암8
SN2457,A310S,25.0,17.0,83.0,6.8,사내
SN2598,D191S,16.0,11.0,43.0,1.9,봉암8
SN2616,D350P,15.0,11.0,28.0,5.5,봉암8
SN2463,B181P,19.0,18.0,66.0,2.3,신한내
SN2627,S390S,17.0,15.0,51.0,3.3,오비1
SN2591,E420S,18.0,15.0,43.0,5.5,덕곡1
SN2599,E513P,11.0,10.0,16.0,3.4,봉암8
SN2591,E641C,12.0,11.0,9.0,1.9,한내
SN2463,E731S,17.0,11.0,28.0,3.9,한내
SN2591,S081P,15.0,12.0,22.0,2.3,덕곡2
SN2457,H120S,21.0,15.0,48.0,4.7,성동
SN2464,B11AS,19.0,11.0,33.0,2.2,봉암9
SN2463,B181S,19.0,18.0,58.0,2.3,덕곡1
SN2627,S390P,17.0,15.0,51.0,3.3,OFD
SN2456,A110C,12.0,11.0,25.0,10.2,한내
SN2601,D380P,16.0,14.0,26.0,4.4,성동
SN2463,S101P,20.0,12.0,45.0,2.5,봉암8
SN2634,E210P,15.0,12.0,26.0,3.3,한내
SN2598,D380S,16.0,13.0,24.0,4.2,봉암8
SN2612,B120P,22.0,16.0,68.0,3.2,신한내
SN2603,D170C,20.0,20.0,57.0,1.9,오비1
SN2637,E221S,11.0,11.0,13.0,4.2,OFD
SN2598,B220S,21.0,15.0,43.0,7.3,신한내
SN2463,A221S,17.0,11.0,27.0,3.2,성동
SN2612,D131S,16.0,11.0,36.0,1.9,봉암8
SN2457,B120P,20.0,16.0,50.0,2.2,사내
SN2456,E510P,24.0,14.0,54.0,5.2,신한내
SN2607,M900P,11.0,6.0,2.0,3.3,덕곡2
SN2634,T521S,11.0,6.0,6.0,2.9,덕곡2
SN2612,T310S,16.0,15.0,75.0,2.7,오비1
SN2634,M220S,18.0,12.0,34.0,3.5,덕곡2
SN2598,F520S,19.0,19.0,73.0,6.4,오비1
SN2463,F322S,11.0,8.0,9.0,2.1,오비1
SN2607,T120P,17.0,14.0,43.0,2.9,봉암9
SN2598,F130C,13.0,11.0,37.0,5.1,오비3
SN2598,D120C,21.0,16.0,51.0,1.9,성동
SN2464,D392P,21.0,11.0,10.0,2.0,한내
SN2634,F11AS,15.0,11.0,25.0,2.4,봉암8
SN2457,B150S,25.0,20.0,81.0,2.2,사내
SN2603,D820S,11.0,4.0,2.0,4.1,한내
SN2612,S193S,16.0,11.0,30.0,2.9,봉암9
SN2463,E370P,16.0,12.0,27.0,5.2,봉암9
SN2608,S20AS,12.0,11.0,10.0,4.4,덕곡2
SN2463,S391S,20.0,11.0,55.0,2.6,덕곡2
SN2598,D370P,22.0,13.0,34.0,4.2,성동
SN2456,A220P,18.0,11.0,38.0,3.8,한내
SN2634,M210P,20.0,11.0,54.0,3.5,봉암8
SN2612,D121S,16.0,11.0,33.0,1.9,성동
SN2597,G140S,14.0,11.0,23.0,4.7,한내
SN2627,E520S,17.0,16.0,45.0,8.0,사내
SN2616,D350S,15.0,11.0,30.0,5.5,봉암9
SN2603,F420P,18.0,16.0,42.0,8.2,덕곡1
SN2607,E530C,21.0,20.0,107.0,5.2,사내
SN2608,A110P,11.0,7.0,18.0,10.7,신한내
SN2634,E311S,15.0,11.0,21.0,3.0,덕곡2
SN2608,S172S,21.0,11.0,19.0,3.9,성동
SN2612,T540P,11.0,11.0,18.0,2.7,한내
SN2615,M830S,14.0,11.0,28.0,3.5,봉암9
SN2599,E414S,18.0,11.0,12.0,3.2,신한내
SN2611,D820S,11.0,4.0,2.0,4.1,덕곡2
SN2608,T341P,18.0,17.0,80.0,2.8,성동
SN2608,M110P,22.0,11.0,83.0,6.2,한내
SN2612,T120S,16.0,14.0,42.0,2.9,덕곡2
SN2615,M810P,16.0,11.0,33.0,3.2,한내
SN2463,S393P,11.0,5.0,5.0,2.0,덕곡1
SN2599,E113P,19.0,11.0,21.0,3.8,덕곡2
SN2463,E740S,13.0,13.0,16.0,5.5,봉암8
SN2463,E370S,16.0,11.0,15.0,5.2,성동
SN2634,M110S,21.0,11.0,78.0,6.0,한내
SN2603,D200C,20.0,18.0,43.0,1.9,사내
SN2607,D715S,11.0,10.0,5.0,1.0,한내
SN2615,E533S,11.0,6.0,6.0,2.8,한내
SN2457,H120P,21.0,15.0,48.0,4.7,신한내
SN2611,G130S,16.0,11.0,18.0,4.3,한내
SN2616,L151P,18.0,11.0,34.0,2.5,봉암9
SN2616,H160P,14.0,11.0,14.0,3.0,한내
SN2608,M210P,20.0,11.0,54.0,3.6,봉암9
SN2612,D731S,19.0,11.0,15.0,1.8,덕곡2
SN2608,H131S,21.0,11.0,44.0,4.9,한내
SN2612,H130P,21.0,12.0,33.0,6.5,신한내
SN2611,D190C,20.0,15.0,44.0,1.9,성동
SN2591,E441P,11.0,8.0,8.0,3.7,한내
SN2627,S130P,25.0,18.0,85.0,3.3,사내
SN2598,D211S,16.0,11.0,42.0,1.9,OFD
SN2615,S091P,15.0,12.0,26.0,2.3,봉암9
SN2603,Y730C,12.0,12.0,7.0,12.0,한내
SN2612,H140S,21.0,12.0,33.0,6.4,한내
SN2615,E533P,11.0,6.0,6.0,2.8,오비3
SN2634,M310S,22.0,18.0,59.0,3.4,사내
SN2463,B190S,20.0,16.0,1.0,2.4,덕곡1
SN2599,E412P,11.0,10.0,16.0,3.3,봉암8
SN2612,S130S,21.0,19.0,60.0,5.4,사내
SN2627,S130S,25.0,18.0,85.0,3.3,사내
SN2612,T740S,21.0,11.0,7.0,2.8,성동
SN2455,S830P,17.0,11.0,23.0,5.8,한내
SN2607,E340C,20.0,17.0,57.0,4.9,사내
SN2603,D370S,20.0,13.0,32.0,4.2,덕곡2
SN2463,A222S,11.0,9.0,7.0,2.8,덕곡2
SN2627,B110P,18.0,14.0,34.0,2.5,봉암8
SN2598,D310S,22.0,13.0,38.0,4.3,한내
SN2611,D380S,16.0,13.0,25.0,4.2,덕곡2
SN2607,T310P,16.0,15.0,61.0,2.7,OFD
SN2457,E370P,16.0,12.0,27.0,5.2,봉암8
SN2599,E414P,17.0,11.0,12.0,3.2,덕곡2
